Title,Author,ISBN,copies Available
Ready page common,Anthony Bernard,9780368968983,7
Benefit national push,Dennis Rhodes,9780809011858,9
Able camera entire sure,Johnny Anderson,9781552614174,4
Election hope anyone better,Stephen Thompson,9781133849094,4
Trip democratic project,Alexander Gray,9781558955905,7
Need close small indicate,Deborah Mejia,9780041666885,4
Couple name general cultural series,Connor Davidson,9781436235594,8
Activity able go,Rachel Lewis,9780870262562,1
Style century very among,Randall Harris,9781050234478,8
Benefit national push,Dennis Rhodes,9780809011858,9
Until sea college in,Daniel Jimenez,9780129410027,1
Set reason fill,Jennifer Cox,9781327189593,6
Style century very among,Randall Harris,9781050234478,8
Top card bag,Joshua Ward,9781725726192,5
Democrat number six which,Colleen Sandoval,9781625790767,2
Ready page common,Anthony Bernard,9780368968983,7
From through eat,Andres Thomas,9781981120949,10
Contain country involve,Sherri Smith,9781859889893,1
Cup book season adult,Traci Gilmore,9781995407616,6
Feeling station husband health agreement,Kevin James,9781069057457,2
Need close small indicate,Deborah Mejia,9780041666885,4
With word,Elizabeth Jackson,9781134924004,1
Wait finish why,Abigail King,9781581979329,6
Trip democratic project,Alexander Gray,9781558955905,7
Until sea college in,Daniel Jimenez,9780129410027,1
Yes half grow seem miss,Sarah Martin,9781610037235,6
Loss each house opportunity yeah,Alisha Ellis,9780397365036,8
Wrong argue western fight,Todd Dougherty,9780749180515,1
Send space,Christopher Garrett,9780335818211,4
Top card bag,Joshua Ward,9781725726192,5
Arm cold hard third,Alejandro Jackson,9780791342497,6
Top card bag,Joshua Ward,9781725726192,5
Pretty room case,Krystal Williams,9780307268426,5
Until sea college in,Daniel Jimenez,9780129410027,1
Growth loss take toward,Melissa Allen MD,9780812631968,7
Yourself discussion increase paper,Elizabeth Reed,9780417107585,3
Kid sit up second,Kimberly May,9781689051989,8
Left according road exist,Mike Reyes,9781147840339,7
Feeling station husband health agreement,Kevin James,9781069057457,2
Tv present sound man environment,Gary Hansen,9781554353774,9
Able camera entire sure,Johnny Anderson,9781552614174,4
Reach term road,Christina Campbell,9781870567688,1
Nothing economy,Kenneth Miller,9780337031557,8
Office lead music newspaper,Jessica Terrell,9780023421310,4
Ability protect,Felicia Harper,9781190616820,10
Knowledge dream let,Jacqueline Bernard,9780512488831,10
Yourself discussion increase paper,Elizabeth Reed,9780417107585,3
Wait finish why,Abigail King,9781581979329,6
Director stuff agent travel,John Smith,9781133227106,2
Growth loss take toward,Melissa Allen MD,9780812631968,7
Stay politics open reach,Scott Gould,9781500782269,6
Fall already,Debbie Fischer,9780827819887,8
Him compare member ago gas,Ian James,9781060005884,6
Say four social continue ok,Ruth Bennett,9780946592289,4
Section pay sit,Jamie Mayer,9780234767009,3
Wrong argue western fight,Todd Dougherty,9780749180515,1
Stay politics open reach,Scott Gould,9781500782269,6
Nothing economy,Kenneth Miller,9780337031557,8
Foot include,Mary Bowman,9780642147783,6
Situation effort us cause,Lauren Rivas,9780180945650,4
Event million network measure choice,Michael Cisneros,9781744519768,8
Yes half grow seem miss,Sarah Martin,9781610037235,6
Knowledge dream let,Jacqueline Bernard,9780512488831,10
Scientist fight we,Paige Hutchinson,9780201499704,1
Discussion green,Joshua Lawrence,9781551555577,5
Discussion green,Joshua Lawrence,9781551555577,5
Democrat number six which,Colleen Sandoval,9781625790767,2
Almost reason,Troy Gilbert,9781318955107,3
Business listen avoid mind,Brandi Rodriguez,9780057671866,9
Evidence series I,Jose Lewis,9780918254696,5
Cup book season adult,Traci Gilmore,9781995407616,6
Rate large her,Melissa Jensen,9781791772802,10
Cost difficult current development,Tamara Esparza,9780889471474,3
Wait finish why,Abigail King,9781581979329,6
Far world need,Clinton Powell,9780002691833,6
Activity able go,Rachel Lewis,9780870262562,1
Situation effort us cause,Lauren Rivas,9780180945650,4
With word,Elizabeth Jackson,9781134924004,1
Project nothing,Scott Price,9780335478552,2
Alone affect speech,Bradley Garcia,9780489803675,2
Gun environmental sit tonight,Brian Gomez,9780486994048,9
Walk paper not well,Jamie Campbell,9781536925364,8
Remember forget despite worry,Kellie Landry,9781085824927,9
Contain country involve,Sherri Smith,9781859889893,1
Send space,Christopher Garrett,9780335818211,4
Send space,Christopher Garrett,9780335818211,4
What against meet,Jason Thomas,9780027095272,8
Couple name general cultural series,Connor Davidson,9781436235594,8
Much price be,Brittany Smith,9780474656118,4
Set whose former,Kimberly Mitchell,9780913194799,5
Feeling station husband health agreement,Kevin James,9781069057457,2
Cup book season adult,Traci Gilmore,9781995407616,6
Manager radio,Angel Gonzales,9781592043330,9
Police professional order explain those,Courtney White,9780039127534,5
Project nothing,Scott Price,9780335478552,2
Nothing economy,Kenneth Miller,9780337031557,8
Project nothing,Scott Price,9780335478552,2
Cost difficult current development,Tamara Esparza,9780889471474,3
Yes half grow seem miss,Sarah Martin,9781610037235,6
Yes half grow seem miss,Sarah Martin,9781610037235,6
Law real north near according,Theodore Davenport,9780294216240,9
Age central true,Albert Bush,9780042820798,8
Which few property,Sandra Hayes,9780276756566,6
Image beautiful view,Dylan Collins,9780016695117,3
Form southern,Martin Waters,9781302201661,7
Life everyone,Matthew Carter,9781730350511,9
Citizen radio again table head,Christine Hill,9780302380482,1
Than none,Leroy Gould,9780962481437,8
Theory discuss born,Michelle Anderson,9780769644950,4
Measure likely page,Daniel Callahan,9780825877322,2
Ready simply trouble,Elizabeth Luna,9781403683076,5
